csv,week,
date,rms1,rms2,rms3,rms4,
2021-05-26 10:49:36,0.7233,0.5634,1.6966,0.967,
2021-05-26 10:54:36,0.729,0.5471,1.698,0.9769,
2021-05-26 10:59:36,0.7284,0.5605,1.6768,1,
2021-05-26 11:04:37,0.7276,0.5618,1.6598,0.9789,
2021-05-26 11:09:36,0.7214,0.5502,1.6662,0.9876,
2021-05-26 11:14:36,0.718,0.5623,1.6958,0.9708,
2021-05-26 11:19:36,0.7391,0.5609,1.6892,1.0095,
2021-05-26 11:24:36,0.7363,0.5593,1.7151,0.9989,
2021-05-26 11:29:36,0.7315,0.5626,1.67,1.0179,
2021-05-26 11:34:36,0.719,0.5434,1.6874,0.986,
2021-05-26 11:39:36,0.7244,0.5654,1.7142,1.001,
2021-05-26 11:44:36,0.7299,0.5721,1.6713,1.0136,
2021-05-26 11:49:36,0.7249,0.5769,1.709,1.0138,
2021-05-26 11:54:36,0.7221,0.5657,1.7092,0.979,
2021-05-26 11:59:36,0.7403,0.5785,1.7065,0.9775,
2021-05-26 12:04:37,0.7465,0.5871,1.7059,1.0212,
2021-05-26 12:09:36,0.7576,0.6002,1.6949,1.0295,
2021-05-26 12:14:36,0.7614,0.6099,1.6824,1.0162,
2021-05-26 12:19:36,0.7569,0.5902,1.7174,1.0069,
2021-05-26 12:24:36,0.7449,0.5785,1.6911,1.0311,
2021-05-26 12:29:36,0.7534,0.5878,1.7075,1.0287,
2021-05-26 12:34:36,0.7592,0.5837,1.7274,1.0307,
2021-05-26 12:39:36,0.7465,0.593,1.7149,1.0294,
2021-05-26 12:44:36,0.7467,0.6033,1.7096,1.0574,
2021-05-26 12:49:36,0.7435,0.5912,1.7206,1.0446,
2021-05-26 12:54:36,0.7564,0.618,1.723,1.038,
2021-05-26 12:59:36,0.7351,0.5953,1.7491,1.0418,
2021-05-26 13:04:37,0.7459,0.5999,1.7107,1.0587,
2021-05-26 13:09:36,0.7379,0.593,1.7018,1.0564,
2021-05-26 13:14:36,0.7576,0.6051,1.7015,1.0412,
2021-05-26 13:19:36,0.7567,0.6148,1.6964,1.0396,
2021-05-26 13:24:36,0.7317,0.5897,1.6996,1.056,
2021-05-26 13:29:36,0.7534,0.6175,1.7289,1.0135,
2021-05-26 13:34:36,0.7525,0.6199,1.7119,1.0452,
2021-05-26 13:39:36,0.7384,0.6031,1.7136,1.0262,
2021-05-26 13:44:36,0.7365,0.5988,1.7328,1.0291,
2021-05-26 13:49:36,0.7548,0.6102,1.7075,1.0505,
2021-05-26 13:54:36,0.7409,0.6041,1.7181,1.0179,
2021-05-26 13:59:36,0.7344,0.6013,1.7201,1.0396,
2021-05-26 14:04:37,0.7478,0.6071,1.7114,1.0501,
2021-05-26 14:09:36,0.7535,0.6135,1.6996,1.0556,
2021-05-26 14:14:36,0.7514,0.6055,1.7288,1.0685,
2021-05-26 14:19:36,0.7373,0.5884,1.6935,1.0773,
2021-05-26 14:24:36,0.7428,0.595,1.6804,1.0767,
2021-05-26 14:29:36,0.7484,0.6062,1.7286,1.0554,
2021-05-26 14:34:36,0.7535,0.5993,1.7317,1.0627,
2021-05-26 14:39:36,0.7619,0.6059,1.7214,1.0493,
2021-05-26 14:44:36,0.7426,0.5976,1.729,1.0678,
2021-05-26 14:49:36,0.7445,0.6102,1.7062,1.0663,
2021-05-26 14:54:36,0.7376,0.5931,1.7459,1.0682,
2021-05-26 14:59:36,0.7446,0.6044,1.7539,1.0731,
2021-05-26 15:04:37,0.7468,0.5983,1.7433,1.0721,
2021-05-26 15:09:36,0.745,0.5851,1.7431,1.0734,
2021-05-26 15:14:36,0.7494,0.5696,1.7408,1.0788,
2021-05-26 15:19:36,0.7486,0.6046,1.7039,1.0729,
2021-05-26 15:24:36,0.7507,0.5917,1.7219,1.0817,
2021-05-26 15:29:36,0.74,0.58,1.7065,1.0922,
2021-05-26 15:34:36,0.749,0.5938,1.7275,1.0928,
2021-05-26 15:39:36,0.7526,0.596,1.7227,1.0797,
2021-05-26 15:44:36,0.7503,0.5989,1.727,1.078,
2021-05-26 15:49:36,0.7668,0.6137,1.7073,1.101,
2021-05-26 15:54:36,0.75,0.59,1.7177,1.0847,
2021-05-26 15:59:36,0.7602,0.6001,1.7336,1.0955,
2021-05-26 16:04:37,0.7531,0.6075,1.7061,1.1077,
2021-05-26 16:09:36,0.7398,0.5693,1.693,1.1023,
2021-05-26 16:14:36,0.7554,0.5986,1.7115,1.1137,
2021-05-26 16:19:36,0.7444,0.602,1.7296,1.0813,
2021-05-26 16:24:36,0.7557,0.5943,1.7156,1.1134,
2021-05-26 16:29:36,0.7471,0.5906,1.7374,1.0942,
2021-05-26 16:34:36,0.7455,0.5939,1.7438,1.0954,
2021-05-26 16:39:36,0.7475,0.5775,1.7555,1.1034,
2021-05-26 16:44:36,0.7689,0.6062,1.7348,1.1229,
2021-05-26 16:49:36,0.7521,0.5944,1.7458,1.0812,
2021-05-26 16:54:36,0.7448,0.591,1.7254,1.0891,
2021-05-26 16:59:36,0.7561,0.5853,1.7308,1.1106,
2021-05-26 17:04:37,0.7664,0.6048,1.7166,1.1048,
2021-05-26 17:09:36,0.7462,0.5837,1.7043,1.1,
2021-05-26 17:14:36,0.7744,0.6142,1.7416,1.1043,
2021-05-26 17:19:36,0.7736,0.6186,1.7293,1.1247,
2021-05-26 17:24:36,0.7668,0.5992,1.7363,1.1206,
2021-05-26 17:29:36,0.757,0.5902,1.7527,1.097,
2021-05-26 17:34:36,0.7592,0.5918,1.7002,1.1203,
2021-05-26 17:39:36,0.7535,0.5905,1.706,1.1157,
2021-05-26 17:44:36,0.7577,0.5806,1.7017,1.1264,
2021-05-26 17:49:36,0.7537,0.6064,1.7438,1.1064,
2021-05-26 17:54:36,0.761,0.6015,1.7523,1.1023,
2021-05-26 17:59:36,0.7672,0.6151,1.7304,1.1175,
2021-05-26 18:04:37,0.7726,0.6085,1.764,1.1214,
2021-05-26 18:09:36,0.7699,0.6122,1.7508,1.1116,
2021-05-26 18:14:36,0.7792,0.6234,1.7098,1.1262,
2021-05-26 18:19:36,0.7684,0.5991,1.7533,1.1197,
2021-05-26 18:24:36,0.7607,0.5954,1.7213,1.1106,
2021-05-26 18:29:36,0.7721,0.5994,1.7076,1.106,
2021-05-26 18:34:36,0.7776,0.618,1.7132,1.1365,
2021-05-26 18:39:36,0.7486,0.5868,1.7124,1.0954,
2021-05-26 18:44:36,0.7607,0.5935,1.7095,1.1204,
2021-05-26 18:49:36,0.767,0.6076,1.713,1.1105,
2021-05-26 18:54:36,0.7594,0.5963,1.7357,1.1103,
2021-05-26 18:59:36,0.7654,0.6115,1.7183,1.1174,
2021-05-26 19:04:37,0.7736,0.6016,1.7287,1.1309,
2021-05-26 19:09:36,0.7491,0.5959,1.7313,1.1119,
2021-05-26 19:14:36,0.7588,0.6204,1.7332,1.0993,
2021-05-26 19:19:36,0.7604,0.596,1.7315,1.103,
2021-05-26 19:24:36,0.7697,0.6325,1.7078,1.1242,
2021-05-26 19:29:36,0.742,0.5896,1.7105,1.1108,
2021-05-26 19:34:36,0.7572,0.6099,1.7368,1.1071,
2021-05-26 19:39:36,0.7611,0.5998,1.7473,1.0966,
2021-05-26 19:44:36,0.7635,0.6136,1.7454,1.0931,
2021-05-26 19:49:36,0.7588,0.611,1.7104,1.1032,
2021-05-26 19:54:36,0.7553,0.6058,1.7175,1.1327,
2021-05-26 19:59:36,0.7628,0.6017,1.7155,1.1311,
2021-05-26 20:04:37,0.7514,0.6043,1.7236,1.1075,
2021-05-26 20:09:36,0.7628,0.6157,1.7076,1.1045,
2021-05-26 20:14:36,0.7544,0.5965,1.7524,1.1037,
2021-05-26 20:19:36,0.7602,0.6045,1.7154,1.1165,
2021-05-26 20:24:36,0.7708,0.6123,1.7231,1.1146,
2021-05-26 20:29:36,0.7706,0.6173,1.7231,1.1151,
2021-05-26 20:34:36,0.7469,0.5962,1.7325,1.1223,
2021-05-26 20:39:36,0.7693,0.6067,1.7407,1.122,
2021-05-26 20:44:36,0.7484,0.6061,1.7165,1.0985,
2021-05-26 20:49:36,0.7469,0.5971,1.7383,1.0944,
2021-05-26 20:54:36,0.764,0.6123,1.7273,1.0906,
2021-05-26 20:59:36,0.7501,0.5989,1.7757,1.0724,
2021-05-26 21:04:37,0.746,0.6019,1.7223,1.1228,
2021-05-26 21:09:36,0.749,0.6036,1.7558,1.0752,
2021-05-26 21:14:36,0.7631,0.6066,1.7542,1.1099,
2021-05-26 21:19:36,0.7561,0.6046,1.7203,1.1109,
2021-05-26 21:24:36,0.746,0.6134,1.7613,1.0982,
2021-05-26 21:29:36,0.7483,0.6015,1.7437,1.1019,
2021-05-26 21:34:36,0.7595,0.6029,1.741,1.0956,
2021-05-26 21:39:36,0.7493,0.5942,1.7761,1.1008,
2021-05-26 21:44:36,0.7472,0.6145,1.7491,1.0698,
2021-05-26 21:49:36,0.7677,0.6146,1.7601,1.1038,
2021-05-26 21:54:36,0.759,0.614,1.7346,1.095,
2021-05-26 21:59:36,0.7482,0.5853,1.7835,1.0905,
2021-05-26 22:04:37,0.7432,0.5906,1.7725,1.0841,
2021-05-26 22:09:36,0.747,0.6023,1.7789,1.0782,
2021-05-26 22:14:36,0.7635,0.6057,1.7249,1.0956,
2021-05-26 22:19:36,0.7402,0.5976,1.7324,1.0837,
2021-05-26 22:24:36,0.7457,0.6118,1.7586,1.093,
2021-05-26 22:29:36,0.7562,0.5998,1.7253,1.109,
2021-05-26 22:34:36,0.7514,0.606,1.7262,1.1034,
2021-05-26 22:39:36,0.7432,0.5996,1.7508,1.0731,
2021-05-26 22:44:36,0.7544,0.6125,1.7548,1.0926,
2021-05-26 22:49:36,0.7605,0.6195,1.7397,1.0829,
2021-05-26 22:54:36,0.7595,0.6082,1.7182,1.1039,
2021-05-26 22:59:36,0.7549,0.6005,1.7496,1.0771,
2021-05-26 23:04:37,0.7536,0.6131,1.714,1.1051,
2021-05-26 23:09:36,0.7539,0.6101,1.7693,1.0842,
2021-05-26 23:14:36,0.7528,0.6119,1.7374,1.1,
2021-05-26 23:19:36,0.7501,0.6137,1.7079,1.0957,
2021-05-26 23:24:36,0.7483,0.6139,1.7197,1.0869,
2021-05-26 23:29:36,0.7384,0.5972,1.7512,1.0789,
2021-05-26 23:34:36,0.7424,0.5839,1.7675,1.0822,
2021-05-26 23:39:36,0.7455,0.6114,1.7135,1.0782,
2021-05-26 23:44:36,0.7354,0.5938,1.7178,1.1034,
2021-05-26 23:49:36,0.7548,0.6042,1.7618,1.0899,
2021-05-26 23:54:36,0.749,0.6007,1.7264,1.1122,
2021-05-26 23:59:36,0.7542,0.6063,1.7286,1.1152,
2021-05-27 00:04:37,0.7462,0.6049,1.7793,1.0829,
2021-05-27 00:09:36,0.7597,0.6008,1.7797,1.0783,
2021-05-27 00:14:36,0.7472,0.5941,1.7788,1.0861,
2021-05-27 00:19:36,0.7519,0.6159,1.7687,1.1064,
2021-05-27 00:24:36,0.7478,0.6186,1.733,1.0955,
2021-05-27 00:29:36,0.7455,0.6,1.7508,1.0822,
2021-05-27 00:34:36,0.7576,0.6082,1.7416,1.1101,
2021-05-27 00:39:36,0.7469,0.5983,1.771,1.0921,
2021-05-27 00:44:36,0.7398,0.6102,1.7594,1.0907,
2021-05-27 00:49:36,0.7448,0.6202,1.7519,1.0892,
2021-05-27 00:54:36,0.7504,0.6025,1.7243,1.1151,
2021-05-27 00:59:36,0.7464,0.5919,1.7789,1.0825,
2021-05-27 01:04:37,0.7528,0.6161,1.7766,1.102,
2021-05-27 01:09:36,0.7584,0.6286,1.7514,1.1064,
2021-05-27 01:14:36,0.7638,0.6108,1.7344,1.0981,
2021-05-27 01:19:36,0.7513,0.6013,1.7832,1.0827,
2021-05-27 01:24:36,0.7562,0.609,1.7386,1.0892,
2021-05-27 01:29:36,0.744,0.5923,1.7799,1.0789,
2021-05-27 01:34:36,0.7554,0.6175,1.7674,1.0744,
2021-05-27 01:39:36,0.7509,0.5987,1.7721,1.0792,
2021-05-27 01:44:36,0.7488,0.597,1.7302,1.0945,
2021-05-27 01:49:36,0.7549,0.6237,1.7387,1.1092,
2021-05-27 01:54:36,0.7431,0.6097,1.7611,1.0704,
2021-05-27 01:59:36,0.7415,0.5943,1.7705,1.0683,
2021-05-27 02:04:37,0.7445,0.6006,1.7897,1.0774,
2021-05-27 02:09:36,0.7424,0.6072,1.7765,1.0858,
2021-05-27 02:14:36,0.7515,0.6024,1.732,1.1014,
2021-05-27 02:19:36,0.745,0.5947,1.7246,1.1137,
2021-05-27 02:24:36,0.7488,0.6268,1.7169,1.0931,
2021-05-27 02:29:36,0.7486,0.6135,1.738,1.1005,
2021-05-27 02:34:36,0.7566,0.6037,1.7264,1.0975,
2021-05-27 02:39:36,0.7504,0.6132,1.7226,1.1024,
2021-05-27 02:44:36,0.7539,0.617,1.7439,1.0911,
2021-05-27 02:49:36,0.7586,0.6163,1.7708,1.0782,
2021-05-27 02:54:36,0.7427,0.604,1.769,1.0799,
2021-05-27 02:59:36,0.7542,0.6136,1.7264,1.105,
2021-05-27 03:04:37,0.7423,0.614,1.741,1.0834,
2021-05-27 03:09:36,0.7514,0.6229,1.7368,1.0958,
2021-05-27 03:14:36,0.7456,0.5901,1.7736,1.1138,
2021-05-27 03:19:36,0.7425,0.6019,1.7815,1.0951,
2021-05-27 03:24:36,0.7491,0.6163,1.79,1.0807,
2021-05-27 03:29:36,0.7579,0.6183,1.7937,1.0862,
2021-05-27 03:34:36,0.7529,0.6053,1.7593,1.106,
2021-05-27 03:39:36,0.7486,0.5897,1.7505,1.1205,
2021-05-27 03:44:36,0.7475,0.603,1.742,1.1088,
2021-05-27 03:49:36,0.7504,0.6044,1.7788,1.0811,
2021-05-27 03:54:36,0.7453,0.6189,1.7553,1.0775,
2021-05-27 03:59:36,0.7556,0.598,1.7514,1.0814,
2021-05-27 04:04:37,0.756,0.5983,1.7395,1.0941,
2021-05-27 04:09:36,0.7451,0.6054,1.7396,1.0941,
2021-05-27 04:14:36,0.7365,0.5891,1.7645,1.0644,
2021-05-27 04:19:36,0.7479,0.6101,1.7209,1.0831,
2021-05-27 04:24:36,0.7469,0.6125,1.7237,1.0843,
2021-05-27 04:29:36,0.7473,0.611,1.7342,1.08,
2021-05-27 04:34:36,0.7438,0.6107,1.7432,1.0491,
2021-05-27 04:39:36,0.7361,0.5906,1.727,1.0535,
2021-05-27 04:44:36,0.7489,0.6049,1.7209,1.0615,
2021-05-27 04:49:36,0.7337,0.6066,1.7391,1.07,
2021-05-27 04:54:36,0.7563,0.6175,1.7152,1.0683,
2021-05-27 04:59:36,0.7478,0.6173,1.7671,1.0554,
2021-05-27 05:04:37,0.7485,0.6049,1.7079,1.0786,
2021-05-27 05:09:36,0.7466,0.603,1.7176,1.0566,
2021-05-27 05:14:36,0.7528,0.6044,1.7663,1.0445,
2021-05-27 05:19:36,0.7471,0.5992,1.7381,1.0524,
2021-05-27 05:24:36,0.7386,0.5893,1.7725,1.0575,
2021-05-27 05:29:36,0.7498,0.6062,1.728,1.0685,
2021-05-27 05:34:36,0.7504,0.5987,1.7705,1.079,
2021-05-27 05:39:36,0.7439,0.615,1.7714,1.0695,
2021-05-27 05:44:36,0.741,0.6033,1.768,1.0424,
2021-05-27 05:49:36,0.7406,0.6139,1.7379,1.0582,
2021-05-27 05:54:36,0.7489,0.6154,1.7057,1.0698,
2021-05-27 05:59:36,0.7438,0.6086,1.7055,1.0651,
2021-05-27 06:04:37,0.7435,0.6126,1.7499,1.0474,
2021-05-27 06:09:36,0.7485,0.6197,1.7081,1.0762,
2021-05-27 06:14:36,0.7486,0.587,1.7743,1.0647,
2021-05-27 06:19:36,0.741,0.5857,1.7407,1.0619,
2021-05-27 06:24:36,0.7403,0.6056,1.694,1.0572,
2021-05-27 06:29:36,0.735,0.5913,1.689,1.0501,
2021-05-27 06:34:36,0.7393,0.5926,1.7469,1.0417,
2021-05-27 06:39:36,0.7468,0.5925,1.7393,1.0533,
2021-05-27 06:44:36,0.7343,0.5846,1.7634,1.0416,
2021-05-27 06:49:36,0.7367,0.5939,1.6967,1.0493,
2021-05-27 06:54:36,0.7411,0.5955,1.6923,1.0647,
2021-05-27 06:59:36,0.7326,0.5881,1.6893,1.0655,
2021-05-27 07:04:37,0.7299,0.5696,1.7053,1.048,
2021-05-27 07:09:36,0.725,0.5603,1.6916,1.049,
2021-05-27 07:14:36,0.7331,0.5832,1.7166,1.0365,
2021-05-27 07:19:36,0.7418,0.5688,1.7064,1.0641,
2021-05-27 07:24:36,0.7324,0.5774,1.6956,1.0387,
2021-05-27 07:29:36,0.742,0.5673,1.6853,1.0584,
2021-05-27 07:34:36,0.724,0.5648,1.7129,1.0491,
2021-05-27 07:39:36,0.7225,0.5601,1.6995,1.0309,
2021-05-27 07:44:36,0.7383,0.5748,1.701,1.0584,
2021-05-27 07:49:36,0.7284,0.5685,1.6852,1.0701,
2021-05-27 07:54:36,0.7263,0.5698,1.6997,1.0508,
2021-05-27 07:59:36,0.7333,0.5817,1.6779,1.0408,
2021-05-27 08:04:37,0.7193,0.5707,1.677,1.0426,
2021-05-27 08:09:36,0.7211,0.5633,1.6697,1.0344,
2021-05-27 08:14:36,0.7366,0.5701,1.677,1.0464,
2021-05-27 08:19:36,0.7206,0.5666,1.6978,1.0392,
2021-05-27 08:24:36,0.7294,0.5581,1.6718,1.0702,
2021-05-27 08:29:36,0.7284,0.5603,1.7281,1.0348,
2021-05-27 08:34:36,0.7318,0.5614,1.6848,1.0461,
2021-05-27 08:39:36,0.7447,0.5744,1.6981,1.0592,
2021-05-27 08:44:36,0.7351,0.5807,1.6915,1.0299,
2021-05-27 08:49:36,0.7309,0.5747,1.6646,1.0398,
2021-05-27 08:54:36,0.7424,0.5775,1.6759,1.0385,
2021-05-27 08:59:36,0.7274,0.5527,1.696,1.0412,
2021-05-27 09:04:37,0.7375,0.5724,1.6801,1.0382,
2021-05-27 09:09:36,0.7258,0.5778,1.6991,1.0484,
2021-05-27 09:14:36,0.7267,0.5571,1.6726,1.0535,
2021-05-27 09:19:36,0.7242,0.5673,1.6576,1.0327,
2021-05-27 09:24:36,0.7236,0.563,1.6923,1.039,
2021-05-27 09:29:36,0.72,0.57,1.7189,1.0424,
2021-05-27 09:34:36,0.732,0.5599,1.7091,1.0573,
2021-05-27 09:39:36,0.7258,0.5632,1.7127,1.0471,
2021-05-27 09:44:36,0.7297,0.5779,1.6978,1.02,
2021-05-27 09:49:36,0.7185,0.5609,1.6727,1.0387,
2021-05-27 09:54:36,0.7243,0.5657,1.6861,1.04,
2021-05-27 09:59:36,0.7362,0.5846,1.7175,1.0281,
2021-05-27 10:04:37,0.7384,0.5657,1.7223,1.0258,
2021-05-27 10:09:36,0.7283,0.5727,1.7114,1.0402,
2021-05-27 10:14:36,0.7233,0.5619,1.7257,1.0365,
2021-05-27 10:19:36,0.7292,0.5743,1.6841,1.0439,
2021-05-27 10:24:36,0.7424,0.5733,1.7188,1.0235,
2021-05-27 10:29:36,0.7374,0.5621,1.7316,1.0281,
2021-05-27 10:34:36,0.7386,0.5724,1.674,1.0275,
2021-05-27 10:39:36,0.7335,0.5627,1.722,1.0333,
2021-05-27 10:44:36,0.7437,0.5835,1.7014,1.0249,
2021-05-27 10:49:36,0.7646,0.5894,1.6577,1.0218,
2021-05-27 10:54:36,0.7638,0.5897,1.6893,1.0213,
2021-05-27 10:59:36,0.7566,0.5809,1.6788,1.0283,
2021-05-27 11:04:37,0.7607,0.5717,1.6701,1.0237,
2021-05-27 11:09:36,0.7487,0.5884,1.6705,1.0167,
2021-05-27 11:14:36,0.7418,0.583,1.6882,1.0143,
2021-05-27 11:19:36,0.7384,0.5812,1.6869,1.0207,
2021-05-27 11:24:36,0.7537,0.5774,1.6915,1.0201,
2021-05-27 11:29:36,0.7491,0.5999,1.7313,1.001,
2021-05-27 11:34:36,0.7619,0.6034,1.7178,1.0219,
2021-05-27 11:39:36,0.7518,0.5984,1.6846,1.043,
2021-05-27 11:44:36,0.7597,0.601,1.7132,1.0158,
2021-05-27 11:49:36,0.7442,0.587,1.7348,1.0046,
2021-05-27 11:54:36,0.7697,0.6103,1.7336,1.0349,
2021-05-27 11:59:36,0.7733,0.6094,1.7148,1.0552,
2021-05-27 12:04:37,0.7623,0.5959,1.7684,1.0544,
2021-05-27 12:09:36,0.7528,0.5921,1.718,1.0589,
2021-05-27 12:14:36,0.7627,0.604,1.7412,1.0496,
2021-05-27 12:19:36,0.7709,0.5979,1.725,1.0615,
2021-05-27 12:24:36,0.7521,0.5925,1.7658,1.063,
2021-05-27 12:29:36,0.7654,0.6091,1.7595,1.0432,
2021-05-27 12:34:36,0.7568,0.5966,1.7001,1.0395,
2021-05-27 12:39:36,0.7671,0.5969,1.714,1.0541,
2021-05-27 12:44:36,0.7758,0.5882,1.7169,1.0529,
2021-05-27 12:49:36,0.7657,0.6002,1.7118,1.0551,
2021-05-27 12:54:36,0.7779,0.6007,1.7464,1.0432,
2021-05-27 12:59:36,0.7734,0.5966,1.7518,1.0602,
2021-05-27 13:04:37,0.7736,0.603,1.7202,1.0673,
2021-05-27 13:09:36,0.7499,0.5954,1.7345,1.0354,
2021-05-27 13:14:36,0.7504,0.5884,1.6886,1.0453,
2021-05-27 13:19:36,0.7848,0.603,1.7252,1.0579,
2021-05-27 13:24:36,0.767,0.6007,1.6979,1.0737,
2021-05-27 13:29:36,0.7642,0.5988,1.7546,1.0473,
2021-05-27 13:34:36,0.7593,0.6115,1.7509,1.0606,
2021-05-27 13:39:36,0.7595,0.5908,1.7352,1.0759,
2021-05-27 13:44:36,0.7585,0.5978,1.726,1.0833,
2021-05-27 13:49:36,0.7666,0.606,1.7079,1.0795,
2021-05-27 13:54:36,0.765,0.6076,1.7377,1.0499,
2021-05-27 13:59:36,0.762,0.5951,1.7062,1.0667,
2021-05-27 14:04:37,0.7545,0.5978,1.7083,1.0604,
2021-05-27 14:09:36,0.7595,0.5998,1.7103,1.0563,
2021-05-27 14:14:36,0.7752,0.5958,1.7114,1.0715,
2021-05-27 14:19:36,0.7561,0.5926,1.7205,1.053,
2021-05-27 14:24:36,0.7869,0.6132,1.7001,1.0629,
2021-05-27 14:29:36,0.7777,0.6082,1.7475,1.032,
2021-05-27 14:34:36,0.7813,0.6125,1.7287,1.0705,
2021-05-27 14:39:36,0.7708,0.5905,1.731,1.0559,
2021-05-27 14:44:36,0.7696,0.5864,1.7422,1.0705,
2021-05-27 14:49:36,0.7637,0.5849,1.7127,1.0733,
2021-05-27 14:54:36,0.7607,0.578,1.6955,1.0559,
2021-05-27 14:59:36,0.7817,0.5813,1.7055,1.0587,
2021-05-27 15:04:37,0.7851,0.6026,1.6997,1.0517,
2021-05-27 15:09:36,0.7765,0.5718,1.6984,1.0725,
2021-05-27 15:14:36,0.7987,0.5918,1.7135,1.0653,
2021-05-27 15:19:36,0.7836,0.5657,1.7417,1.0455,
2021-05-27 15:24:36,0.778,0.5844,1.7067,1.0656,
2021-05-27 15:29:36,0.7763,0.5781,1.7264,1.0491,
2021-05-27 15:34:36,0.7741,0.5873,1.7234,1.0554,
2021-05-27 15:39:35,0.78,0.5939,1.7268,1.0391,
2021-05-27 15:44:36,0.7782,0.5746,1.7408,1.0408,
2021-05-27 15:49:36,0.7814,0.567,1.7414,1.0575,
2021-05-27 15:54:36,0.7842,0.585,1.7019,1.0392,
2021-05-27 15:59:36,0.7925,0.5921,1.7498,1.0439,
2021-05-27 16:04:37,0.7921,0.5904,1.7224,1.073,
2021-05-27 16:09:36,0.7797,0.592,1.7522,1.0465,
2021-05-27 16:14:36,0.7636,0.5755,1.7461,1.0342,
2021-05-27 16:19:36,0.7806,0.5883,1.7395,1.0381,
2021-05-27 16:24:36,0.7689,0.5782,1.7193,1.0381,
2021-05-27 16:29:36,0.771,0.5699,1.6875,1.0452,
2021-05-27 16:34:36,0.776,0.583,1.7443,1.0454,
2021-05-27 16:39:36,0.7671,0.5732,1.7341,1.0366,
2021-05-27 16:44:36,0.7736,0.5808,1.7102,1.045,
2021-05-27 16:49:36,0.7733,0.5966,1.7094,1.0294,
2021-05-27 16:54:36,0.7853,0.5946,1.7117,1.0202,
2021-05-27 16:59:36,0.7729,0.5932,1.7101,1.0342,
2021-05-27 17:04:37,0.7803,0.5907,1.7107,1.0383,
2021-05-27 17:09:36,0.759,0.5749,1.7058,1.0431,
2021-05-27 17:14:36,0.7733,0.5734,1.677,1.0595,
2021-05-27 17:19:36,0.7606,0.5845,1.7232,1.0339,
2021-05-27 17:24:36,0.7655,0.5777,1.6759,1.0396,
2021-05-27 17:29:36,0.7617,0.5797,1.6749,1.036,
2021-05-27 17:34:36,0.7747,0.5826,1.6917,1.0485,
2021-05-27 17:39:36,0.7678,0.5841,1.711,1.0492,
2021-05-27 17:44:36,0.7682,0.5926,1.707,1.0517,
2021-05-27 17:49:36,0.7682,0.5724,1.7317,1.059,
2021-06-01 16:22:00,0.3563,0.2392,0.5707,0.5448,
2021-06-01 16:22:00,0.3563,0.2392,0.5707,0.5448,
2021-06-01 16:22:00,0.3563,0.2392,0.5707,0.5448,
2021-06-01 16:27:00,0.3627,0.2426,0.5373,0.5542,
2021-06-01 16:32:00,0.358,0.234,0.441,0.5396,
2021-06-01 16:37:00,0.3586,0.2395,0.486,0.5349,
2021-06-01 16:42:00,0.3523,0.2368,0.4206,0.5261,
2021-06-01 16:47:00,0.3692,0.2434,0.3831,0.5406,
2021-06-01 16:52:00,0.3533,0.2347,0.365,0.5166,
2021-06-01 16:57:00,0.3528,0.2331,0.3655,0.5116,
2021-06-01 17:02:01,0.3525,0.2361,0.3601,0.5122,
2021-06-01 17:07:00,0.3495,0.2316,0.322,0.4996,
2021-06-01 17:12:00,0.3614,0.2462,0.2868,0.521,
2021-06-01 17:17:00,0.339,0.2267,0.3255,0.4956,
2021-06-01 17:22:00,0.3533,0.2399,0.3241,0.5142,
2021-06-01 17:27:00,0.3499,0.2325,0.3041,0.5049,
2021-06-01 17:32:00,0.3643,0.2379,0.3183,0.5173,
2021-06-01 17:37:00,0.3622,0.2417,0.2889,0.5251,
2021-06-01 17:42:00,0.3444,0.2285,0.2932,0.4973,
2021-06-01 17:47:00,0.3461,0.2356,0.2968,0.5028,
2021-06-01 17:52:00,0.3574,0.2345,0.2814,0.5113,
2021-06-01 17:57:00,0.353,0.2385,0.3182,0.5167,
2021-06-01 18:02:01,0.3525,0.2353,0.2861,0.5139,
2021-06-01 18:07:00,0.3434,0.2383,0.3075,0.5036,
2021-06-01 18:12:00,0.3575,0.2402,0.2943,0.5155,
2021-06-01 18:17:00,0.3551,0.2453,0.2887,0.5218,
2021-06-01 18:22:00,0.3595,0.2437,0.2755,0.5263,
2021-06-01 18:27:00,0.3572,0.2476,0.2699,0.5148,
2021-06-01 18:32:00,0.3464,0.2401,0.2468,0.5019,
2021-06-01 18:37:00,0.3446,0.2287,0.2664,0.5,
2021-06-01 18:42:00,0.3559,0.2394,0.2819,0.5153,
2021-06-01 18:47:00,0.3591,0.2434,0.254,0.5199,
2021-06-01 18:52:00,0.3475,0.2367,0.2958,0.5076,
2021-06-01 18:57:00,0.3568,0.2433,0.271,0.5222,
2021-06-01 19:02:01,0.3567,0.2373,0.2886,0.5124,
2021-06-01 19:07:00,0.3549,0.242,0.2809,0.5176,
2021-06-01 19:12:00,0.3609,0.2398,0.2386,0.5208,
2021-06-01 19:17:00,0.348,0.2382,0.2441,0.5066,
2021-06-01 19:22:00,0.3547,0.2423,0.2735,0.518,
2021-06-01 19:27:00,0.3491,0.2406,0.2769,0.51,
2021-06-01 19:32:00,0.3476,0.2324,0.257,0.5037,
2021-06-01 19:37:00,0.3489,0.2368,0.262,0.5066,
2021-06-01 19:42:00,0.3531,0.2346,0.2683,0.5119,
2021-06-01 19:47:00,0.3501,0.237,0.284,0.5153,
2021-06-01 19:52:00,0.3631,0.2466,0.2565,0.5273,
2021-06-01 19:57:00,0.3511,0.2475,0.278,0.517,
2021-06-01 20:02:01,0.3634,0.2492,0.2881,0.5292,
2021-06-01 20:07:00,0.3551,0.2399,0.2763,0.515,
2021-06-01 20:12:00,0.3661,0.2466,0.2621,0.5313,
2021-06-01 20:17:00,0.3564,0.2429,0.2744,0.5217,
2021-06-01 20:22:00,0.3543,0.2391,0.2717,0.518,
2021-06-01 20:27:00,0.3489,0.235,0.2926,0.5078,
2021-06-01 20:32:00,0.3475,0.2339,0.2759,0.5071,
2021-06-01 20:37:00,0.3606,0.2439,0.2718,0.5197,
2021-06-01 20:42:00,0.3558,0.2434,0.2741,0.5155,
2021-06-01 20:47:00,0.3601,0.2409,0.2694,0.5169,
2021-06-01 20:52:00,0.3584,0.2499,0.2639,0.5184,
2021-06-01 20:57:00,0.3506,0.2375,0.2796,0.5054,
2021-06-01 21:02:01,0.3548,0.2404,0.2616,0.5148,
2021-06-01 21:07:00,0.3477,0.2383,0.2948,0.5126,
2021-06-01 21:12:00,0.3478,0.2419,0.2859,0.5029,
2021-06-01 21:17:00,0.3587,0.248,0.266,0.5209,
2021-06-01 21:22:00,0.3568,0.2391,0.2585,0.5115,
2021-06-01 21:27:00,0.363,0.251,0.2573,0.5257,
2021-06-01 21:32:00,0.3477,0.2385,0.2751,0.5036,
2021-06-01 21:37:00,0.3511,0.2372,0.2536,0.5041,
2021-06-01 21:42:00,0.3552,0.2413,0.2609,0.5142,
2021-06-01 21:47:00,0.3588,0.2447,0.2786,0.5173,
2021-06-01 21:52:00,0.3701,0.253,0.2726,0.5372,
2021-06-01 21:57:00,0.364,0.2494,0.2697,0.5205,
2021-06-01 22:02:01,0.3573,0.2421,0.2736,0.5145,
2021-06-01 22:07:00,0.3672,0.2531,0.2643,0.5278,
2021-06-01 22:12:00,0.3652,0.2478,0.2722,0.5281,
2021-06-01 22:17:00,0.3626,0.2501,0.2691,0.5312,
2021-06-01 22:22:00,0.357,0.2444,0.2692,0.5203,
2021-06-01 22:27:00,0.3651,0.2538,0.2835,0.5364,
2021-06-01 22:32:00,0.3624,0.2505,0.2567,0.5221,
2021-06-01 22:37:00,0.3701,0.2501,0.2593,0.5328,
2021-06-01 22:42:00,0.3609,0.2482,0.2578,0.5194,
2021-06-01 22:47:00,0.3612,0.247,0.2843,0.5349,
2021-06-01 22:52:00,0.3658,0.2461,0.2693,0.5273,
2021-06-01 22:57:00,0.3718,0.26,0.2564,0.5383,
2021-06-01 23:02:01,0.3682,0.2544,0.2628,0.5314,
2021-06-01 23:07:00,0.3823,0.2614,0.2578,0.5478,
2021-06-01 23:12:00,0.3716,0.2568,0.2543,0.5345,
2021-06-01 23:17:00,0.3845,0.2621,0.282,0.5501,
2021-06-01 23:22:00,0.3662,0.2541,0.2569,0.5351,
2021-06-01 23:27:00,0.3749,0.2571,0.2625,0.5358,
2021-06-01 23:32:00,0.3755,0.2609,0.2564,0.5406,
2021-06-01 23:37:00,0.3669,0.2535,0.2803,0.5299,
2021-06-01 23:42:00,0.3699,0.2485,0.2243,0.5322,
2021-06-01 23:47:00,0.374,0.2575,0.275,0.5372,
2021-06-01 23:52:00,0.3749,0.259,0.2577,0.5398,
2021-06-01 23:57:00,0.377,0.2567,0.2689,0.5422,
2021-06-02 00:02:01,0.3666,0.2499,0.2674,0.5259,
2021-06-02 00:07:00,0.3791,0.259,0.2926,0.5518,
2021-06-02 00:12:00,0.3864,0.2624,0.2679,0.557,
2021-06-02 00:17:00,0.3764,0.2628,0.2917,0.5526,
2021-06-02 00:22:00,0.3739,0.2536,0.2667,0.541,
2021-06-02 00:27:00,0.3835,0.2611,0.2746,0.5526,
2021-06-02 00:32:00,0.3673,0.2569,0.2863,0.5353,
2021-06-02 00:37:00,0.3948,0.2678,0.2625,0.568,
2021-06-02 00:42:00,0.3732,0.2585,0.2983,0.5495,
2021-06-02 00:47:00,0.3731,0.2618,0.2841,0.5387,
2021-06-02 00:52:00,0.3735,0.2563,0.2892,0.543,
2021-06-02 00:57:00,0.3774,0.2683,0.2508,0.5453,
2021-06-02 01:02:01,0.374,0.2582,0.2811,0.5482,
2021-06-02 01:07:00,0.3835,0.2593,0.2587,0.5525,
2021-06-02 01:12:00,0.3841,0.263,0.2877,0.5542,
2021-06-02 01:17:00,0.3762,0.254,0.2809,0.5364,
2021-06-02 01:22:00,0.3877,0.2642,0.2752,0.5577,
2021-06-02 01:27:00,0.3879,0.2677,0.2778,0.5614,
2021-06-02 01:32:00,0.3657,0.2545,0.2803,0.5318,
2021-06-02 01:37:00,0.3759,0.2553,0.286,0.5367,
2021-06-02 01:42:00,0.3736,0.2606,0.2814,0.5453,
2021-06-02 01:47:00,0.3688,0.2592,0.2447,0.5383,
2021-06-02 01:52:00,0.3759,0.2578,0.2647,0.5437,
2021-06-02 01:57:00,0.3827,0.2619,0.2744,0.5506,
2021-06-02 02:02:01,0.3722,0.2544,0.2519,0.5396,
2021-06-02 02:07:00,0.3763,0.257,0.2768,0.5464,
2021-06-02 02:12:00,0.375,0.256,0.251,0.5427,
2021-06-02 02:17:00,0.3757,0.2561,0.2692,0.5423,
2021-06-02 02:22:00,0.3781,0.261,0.2641,0.5475,
2021-06-02 02:27:00,0.3839,0.2678,0.2789,0.5527,
2021-06-02 02:32:00,0.3671,0.2556,0.2668,0.5334,
2021-06-02 02:37:00,0.3708,0.2551,0.255,0.535,
2021-06-02 02:42:00,0.3767,0.255,0.2585,0.5362,
2021-06-02 02:47:00,0.3771,0.2612,0.2823,0.5499,
2021-06-02 02:52:00,0.3803,0.2602,0.2527,0.5493,
2021-06-02 02:57:00,0.3708,0.2553,0.266,0.5378,
2021-06-02 03:02:01,0.3742,0.2598,0.2571,0.5388,
2021-06-02 03:07:00,0.3854,0.2667,0.2575,0.5567,
2021-06-02 03:12:00,0.3757,0.267,0.2592,0.542,
2021-06-02 03:17:00,0.3816,0.266,0.2752,0.5524,
2021-06-02 03:22:00,0.3845,0.2686,0.272,0.5585,
2021-06-02 03:27:00,0.3813,0.2597,0.253,0.5433,
2021-06-02 03:32:00,0.389,0.2718,0.2619,0.5635,
2021-06-02 03:37:00,0.3753,0.2561,0.2694,0.5442,
2021-06-02 03:42:00,0.3758,0.2592,0.2589,0.5444,
2021-06-02 03:47:00,0.3816,0.259,0.2605,0.5459,
2021-06-02 03:52:00,0.3764,0.2623,0.2535,0.544,
2021-06-02 03:57:00,0.3836,0.2646,0.2603,0.5584,
2021-06-02 04:02:01,0.3872,0.2688,0.2517,0.5559,
2021-06-02 04:07:00,0.3749,0.2599,0.2462,0.54,
2021-06-02 04:12:00,0.387,0.2628,0.2487,0.5545,
2021-06-02 04:17:00,0.3791,0.2611,0.2493,0.5466,
2021-06-02 04:22:00,0.3787,0.2599,0.2432,0.5406,
2021-06-02 04:27:00,0.371,0.2546,0.2441,0.5325,
2021-06-02 04:32:00,0.3621,0.2495,0.2574,0.5188,
2021-06-02 04:37:00,0.3846,0.2658,0.2613,0.5538,
2021-06-02 04:42:00,0.3817,0.2634,0.2358,0.5529,
2021-06-02 04:47:00,0.369,0.2543,0.2662,0.5355,
2021-06-02 04:52:00,0.3694,0.253,0.2486,0.5324,
2021-06-02 04:57:00,0.3829,0.2656,0.2358,0.5515,
2021-06-02 05:02:01,0.3725,0.2595,0.2554,0.5349,
2021-06-02 05:07:00,0.3671,0.2589,0.2693,0.5307,
2021-06-02 05:12:00,0.3844,0.2578,0.2593,0.5469,
2021-06-02 05:17:00,0.3699,0.2533,0.2585,0.5309,
2021-06-02 05:22:00,0.3662,0.2527,0.2696,0.5256,
2021-06-02 05:27:00,0.3594,0.2557,0.2494,0.518,
2021-06-02 05:32:00,0.3648,0.2574,0.2536,0.5262,
2021-06-02 05:37:00,0.3644,0.2597,0.2533,0.5268,
2021-06-02 05:42:00,0.3714,0.2549,0.2363,0.5317,
2021-06-02 05:47:00,0.3717,0.2673,0.2464,0.5326,
2021-06-02 05:52:00,0.3719,0.252,0.2603,0.5289,
2021-06-02 05:57:00,0.3726,0.2561,0.2537,0.5336,
2021-06-02 06:02:01,0.3657,0.2534,0.252,0.5291,
2021-06-02 06:07:00,0.3708,0.2555,0.2618,0.5325,
2021-06-02 06:12:00,0.3707,0.2572,0.2618,0.5348,
2021-06-02 06:17:00,0.3681,0.2561,0.2616,0.5275,
2021-06-02 06:22:00,0.3675,0.2528,0.2347,0.5297,
2021-06-02 06:27:00,0.3764,0.2562,0.2249,0.5331,
2021-06-02 06:32:00,0.3767,0.261,0.2333,0.5371,
2021-06-02 06:37:00,0.3773,0.264,0.235,0.5339,
2021-06-02 06:42:00,0.3782,0.2624,0.2386,0.5386,
2021-06-02 06:47:00,0.3735,0.2586,0.2295,0.5354,
2021-06-02 06:52:00,0.3775,0.2607,0.2402,0.5434,
2021-06-02 06:57:00,0.388,0.2661,0.2452,0.5503,
2021-06-02 07:02:01,0.3518,0.254,0.2754,0.5167,
2021-06-02 07:07:00,0.3767,0.265,0.2704,0.5427,
2021-06-02 07:12:00,0.3679,0.2506,0.2313,0.5257,
2021-06-02 07:17:00,0.3655,0.2477,0.2338,0.5197,
2021-06-02 07:22:00,0.3743,0.2538,0.2452,0.5321,
2021-06-02 07:27:00,0.3712,0.2556,0.2641,0.5312,
2021-06-02 07:32:00,0.3812,0.2599,0.2423,0.5461,
2021-06-02 07:37:00,0.3914,0.2645,0.2227,0.5545,
2021-06-02 07:42:00,0.3753,0.2601,0.2692,0.5369,
2021-06-02 07:47:00,0.3857,0.2659,0.248,0.5537,
2021-06-02 07:52:00,0.3767,0.2538,0.2446,0.5302,
2021-06-02 07:57:00,0.378,0.2587,0.2318,0.5355,
2021-06-02 08:02:01,0.3711,0.248,0.241,0.5235,
2021-06-02 08:07:00,0.3787,0.2579,0.2287,0.5369,
2021-06-02 08:12:00,0.383,0.2624,0.2401,0.5441,
2021-06-02 08:17:00,0.3775,0.2574,0.2581,0.5351,
2021-06-02 08:22:00,0.3739,0.2518,0.2426,0.5338,
2021-06-02 08:27:00,0.3785,0.2527,0.2391,0.5382,
2021-06-02 08:32:00,0.3838,0.2564,0.2586,0.54,
2021-06-02 08:37:00,0.3969,0.265,0.2392,0.5629,
2021-06-02 08:42:00,0.3968,0.2601,0.2531,0.5573,
2021-06-02 08:47:00,0.3812,0.2559,0.2731,0.5425,
2021-06-02 08:52:00,0.3969,0.262,0.2536,0.56,
2021-06-02 08:57:00,0.3845,0.2519,0.2571,0.5414,
2021-06-02 09:02:01,0.3916,0.2634,0.2791,0.5534,
2021-06-02 09:07:00,0.3688,0.2578,0.2671,0.5328,
2021-06-02 09:12:00,0.4014,0.2655,0.2652,0.5706,
2021-06-02 09:17:00,0.4011,0.2696,0.2837,0.5719,
2021-06-02 09:22:00,0.3915,0.2586,0.2897,0.5532,
2021-06-02 09:27:00,0.3983,0.2643,0.2718,0.5658,
2021-06-02 09:32:00,0.3957,0.2618,0.278,0.5619,
2021-06-02 09:37:00,0.3934,0.2567,0.2804,0.5587,
2021-06-02 09:42:00,0.382,0.2549,0.2962,0.5438,
2021-06-02 09:47:00,0.3906,0.2577,0.305,0.5528,
2021-06-02 09:52:00,0.3921,0.2594,0.3048,0.5574,
2021-06-02 09:57:00,0.4025,0.2678,0.3153,0.567,
2021-06-02 10:02:01,0.3928,0.2648,0.3243,0.5633,
2021-06-02 10:07:00,0.4021,0.2679,0.306,0.57,
2021-06-02 10:12:00,0.4126,0.2753,0.2514,0.5778,
2021-06-02 10:17:00,0.4138,0.2687,0.3324,0.5785,
2021-06-02 10:22:00,0.4132,0.2733,0.3637,0.5907,
2021-06-02 10:27:00,0.4067,0.2706,0.3409,0.5781,
2021-06-02 10:32:00,0.4106,0.2757,0.3519,0.5875,
2021-06-02 10:37:00,0.4111,0.273,0.3472,0.5837,
2021-06-02 10:42:00,0.4103,0.2742,0.3536,0.583,
2021-06-02 10:47:00,0.3802,0.2628,0.3396,0.5564,
